URL,Code Snippet
https://docs.python.org/3/library/functions.html#open,abs()
https://docs.python.org/3/library/functions.html#open,aiter()
https://docs.python.org/3/library/functions.html#open,all()
https://docs.python.org/3/library/functions.html#open,anext()
https://docs.python.org/3/library/functions.html#open,any()
https://docs.python.org/3/library/functions.html#open,ascii()
https://docs.python.org/3/library/functions.html#open,bin()
https://docs.python.org/3/library/functions.html#open,bool()
https://docs.python.org/3/library/functions.html#open,breakpoint()
https://docs.python.org/3/library/functions.html#open,bytearray()
https://docs.python.org/3/library/functions.html#open,bytes()
https://docs.python.org/3/library/functions.html#open,callable()
https://docs.python.org/3/library/functions.html#open,chr()
https://docs.python.org/3/library/functions.html#open,classmethod()
https://docs.python.org/3/library/functions.html#open,compile()
https://docs.python.org/3/library/functions.html#open,complex()
https://docs.python.org/3/library/functions.html#open,delattr()
https://docs.python.org/3/library/functions.html#open,dict()
https://docs.python.org/3/library/functions.html#open,dir()
https://docs.python.org/3/library/functions.html#open,divmod()
https://docs.python.org/3/library/functions.html#open,enumerate()
https://docs.python.org/3/library/functions.html#open,eval()
https://docs.python.org/3/library/functions.html#open,exec()
https://docs.python.org/3/library/functions.html#open,filter()
https://docs.python.org/3/library/functions.html#open,float()
https://docs.python.org/3/library/functions.html#open,format()
https://docs.python.org/3/library/functions.html#open,frozenset()
https://docs.python.org/3/library/functions.html#open,getattr()
https://docs.python.org/3/library/functions.html#open,globals()
https://docs.python.org/3/library/functions.html#open,hasattr()
https://docs.python.org/3/library/functions.html#open,hash()
https://docs.python.org/3/library/functions.html#open,help()
https://docs.python.org/3/library/functions.html#open,hex()
https://docs.python.org/3/library/functions.html#open,id()
https://docs.python.org/3/library/functions.html#open,input()
https://docs.python.org/3/library/functions.html#open,int()
https://docs.python.org/3/library/functions.html#open,isinstance()
https://docs.python.org/3/library/functions.html#open,issubclass()
https://docs.python.org/3/library/functions.html#open,iter()
https://docs.python.org/3/library/functions.html#open,len()
https://docs.python.org/3/library/functions.html#open,list()
https://docs.python.org/3/library/functions.html#open,locals()
https://docs.python.org/3/library/functions.html#open,map()
https://docs.python.org/3/library/functions.html#open,max()
https://docs.python.org/3/library/functions.html#open,memoryview()
https://docs.python.org/3/library/functions.html#open,min()
https://docs.python.org/3/library/functions.html#open,next()
https://docs.python.org/3/library/functions.html#open,object()
https://docs.python.org/3/library/functions.html#open,oct()
https://docs.python.org/3/library/functions.html#open,open()
https://docs.python.org/3/library/functions.html#open,ord()
https://docs.python.org/3/library/functions.html#open,pow()
https://docs.python.org/3/library/functions.html#open,print()
https://docs.python.org/3/library/functions.html#open,property()
https://docs.python.org/3/library/functions.html#open,range()
https://docs.python.org/3/library/functions.html#open,repr()
https://docs.python.org/3/library/functions.html#open,reversed()
https://docs.python.org/3/library/functions.html#open,round()
https://docs.python.org/3/library/functions.html#open,set()
https://docs.python.org/3/library/functions.html#open,setattr()
https://docs.python.org/3/library/functions.html#open,slice()
https://docs.python.org/3/library/functions.html#open,sorted()
https://docs.python.org/3/library/functions.html#open,staticmethod()
https://docs.python.org/3/library/functions.html#open,str()
https://docs.python.org/3/library/functions.html#open,sum()
https://docs.python.org/3/library/functions.html#open,super()
https://docs.python.org/3/library/functions.html#open,tuple()
https://docs.python.org/3/library/functions.html#open,type()
https://docs.python.org/3/library/functions.html#open,vars()
https://docs.python.org/3/library/functions.html#open,zip()
https://docs.python.org/3/library/functions.html#open,__import__()
https://docs.python.org/3/library/functions.html#open,__abs__()
https://docs.python.org/3/library/functions.html#open,x.__aiter__()
https://docs.python.org/3/library/functions.html#open,iter()
https://docs.python.org/3/library/functions.html#open,aiter()
https://docs.python.org/3/library/functions.html#open,True
https://docs.python.org/3/library/functions.html#open,next()
https://docs.python.org/3/library/functions.html#open,__anext__()
https://docs.python.org/3/library/functions.html#open,StopAsyncIteration
https://docs.python.org/3/library/functions.html#open,True
https://docs.python.org/3/library/functions.html#open,False
https://docs.python.org/3/library/functions.html#open,repr()
https://docs.python.org/3/library/functions.html#open,repr()
https://docs.python.org/3/library/functions.html#open,\x
https://docs.python.org/3/library/functions.html#open,\u
https://docs.python.org/3/library/functions.html#open,\U
https://docs.python.org/3/library/functions.html#open,repr()
https://docs.python.org/3/library/functions.html#open,int
https://docs.python.org/3/library/functions.html#open,__index__()
https://docs.python.org/3/library/functions.html#open,format()
https://docs.python.org/3/library/functions.html#open,True
https://docs.python.org/3/library/functions.html#open,False
https://docs.python.org/3/library/functions.html#open,False
https://docs.python.org/3/library/functions.html#open,True
https://docs.python.org/3/library/functions.html#open,bool
https://docs.python.org/3/library/functions.html#open,int
https://docs.python.org/3/library/functions.html#open,False
https://docs.python.org/3/library/functions.html#open,True
https://docs.python.org/3/library/functions.html#open,sys.breakpointhook()
https://docs.python.org/3/library/functions.html#open,args
https://docs.python.org/3/library/functions.html#open,kws
https://docs.python.org/3/library/functions.html#open,sys.breakpointhook()
https://docs.python.org/3/library/functions.html#open,pdb.set_trace()
https://docs.python.org/3/library/functions.html#open,pdb
https://docs.python.org/3/library/functions.html#open,sys.breakpointhook()
https://docs.python.org/3/library/functions.html#open,breakpoint()
https://docs.python.org/3/library/functions.html#open,sys.breakpointhook()
https://docs.python.org/3/library/functions.html#open,RuntimeError
https://docs.python.org/3/library/functions.html#open,breakpoint()
https://docs.python.org/3/library/functions.html#open,PYTHONBREAKPOINT
https://docs.python.org/3/library/functions.html#open,sys.breakpointhook()
https://docs.python.org/3/library/functions.html#open,sys.breakpointhook()
https://docs.python.org/3/library/functions.html#open,builtins.breakpoint
https://docs.python.org/3/library/functions.html#open,breakpointhook
https://docs.python.org/3/library/functions.html#open,bytearray
https://docs.python.org/3/library/functions.html#open,bytes
https://docs.python.org/3/library/functions.html#open,bytearray()
https://docs.python.org/3/library/functions.html#open,str.encode()
https://docs.python.org/3/library/functions.html#open,0<=x<256
https://docs.python.org/3/library/functions.html#open,0<=x<256
https://docs.python.org/3/library/functions.html#open,bytes
https://docs.python.org/3/library/functions.html#open,bytearray
https://docs.python.org/3/library/functions.html#open,bytearray()
https://docs.python.org/3/library/functions.html#open,True
https://docs.python.org/3/library/functions.html#open,False
https://docs.python.org/3/library/functions.html#open,True
https://docs.python.org/3/library/functions.html#open,False
https://docs.python.org/3/library/functions.html#open,__call__()
https://docs.python.org/3/library/functions.html#open,chr(97)
https://docs.python.org/3/library/functions.html#open,'a'
https://docs.python.org/3/library/functions.html#open,chr(8364)
https://docs.python.org/3/library/functions.html#open,'€'
https://docs.python.org/3/library/functions.html#open,ord()
https://docs.python.org/3/library/functions.html#open,ValueError
https://docs.python.org/3/library/functions.html#open,@classmethod
https://docs.python.org/3/library/functions.html#open,C.f()
https://docs.python.org/3/library/functions.html#open,C().f()
https://docs.python.org/3/library/functions.html#open,staticmethod()
https://docs.python.org/3/library/functions.html#open,property()
https://docs.python.org/3/library/functions.html#open,__module__
https://docs.python.org/3/library/functions.html#open,__name__
https://docs.python.org/3/library/functions.html#open,__qualname__
https://docs.python.org/3/library/functions.html#open,__doc__
https://docs.python.org/3/library/functions.html#open,__annotations__
https://docs.python.org/3/library/functions.html#open,__wrapped__
https://docs.python.org/3/library/functions.html#open,property()
https://docs.python.org/3/library/functions.html#open,exec()
https://docs.python.org/3/library/functions.html#open,eval()
https://docs.python.org/3/library/functions.html#open,ast
https://docs.python.org/3/library/functions.html#open,'<string>'
https://docs.python.org/3/library/functions.html#open,'exec'
https://docs.python.org/3/library/functions.html#open,'eval'
https://docs.python.org/3/library/functions.html#open,'single'
https://docs.python.org/3/library/functions.html#open,None
https://docs.python.org/3/library/functions.html#open,compile()
https://docs.python.org/3/library/functions.html#open,compiler_flag
https://docs.python.org/3/library/functions.html#open,_Feature
https://docs.python.org/3/library/functions.html#open,__future__
https://docs.python.org/3/library/functions.html#open,ast
https://docs.python.org/3/library/functions.html#open,PyCF_
https://docs.python.org/3/library/functions.html#open,-1
https://docs.python.org/3/library/functions.html#open,-O
https://docs.python.org/3/library/functions.html#open,0
https://docs.python.org/3/library/functions.html#open,__debug__
https://docs.python.org/3/library/functions.html#open,1
https://docs.python.org/3/library/functions.html#open,__debug__
https://docs.python.org/3/library/functions.html#open,2
https://docs.python.org/3/library/functions.html#open,SyntaxError
https://docs.python.org/3/library/functions.html#open,ValueError
https://docs.python.org/3/library/functions.html#open,ast.parse()
https://docs.python.org/3/library/functions.html#open,compile
https://docs.python.org/3/library/functions.html#open,source
https://docs.python.org/3/library/functions.html#open,filename
https://docs.python.org/3/library/functions.html#open,'single'
https://docs.python.org/3/library/functions.html#open,'eval'
https://docs.python.org/3/library/functions.html#open,code
https://docs.python.org/3/library/functions.html#open,'exec'
https://docs.python.org/3/library/functions.html#open,TypeError
https://docs.python.org/3/library/functions.html#open,ast.PyCF_ALLOW_TOP_LEVEL_AWAIT
https://docs.python.org/3/library/functions.html#open,await
https://docs.python.org/3/library/functions.html#open,asyncfor
https://docs.python.org/3/library/functions.html#open,asyncwith
https://docs.python.org/3/library/functions.html#open,int
https://docs.python.org/3/library/functions.html#open,float
https://docs.python.org/3/library/functions.html#open,0j
https://docs.python.org/3/library/functions.html#open,x
https://docs.python.org/3/library/functions.html#open,complex(x)
https://docs.python.org/3/library/functions.html#open,x.__complex__()
https://docs.python.org/3/library/functions.html#open,__complex__()
https://docs.python.org/3/library/functions.html#open,__float__()
https://docs.python.org/3/library/functions.html#open,__float__()
https://docs.python.org/3/library/functions.html#open,__index__()
https://docs.python.org/3/library/functions.html#open,+
https://docs.python.org/3/library/functions.html#open,-
https://docs.python.org/3/library/functions.html#open,complex('1+2j')
https://docs.python.org/3/library/functions.html#open,complex('1+2j')
https://docs.python.org/3/library/functions.html#open,ValueError
https://docs.python.org/3/library/functions.html#open,__index__()
https://docs.python.org/3/library/functions.html#open,__complex__()
https://docs.python.org/3/library/functions.html#open,__float__()
https://docs.python.org/3/library/functions.html#open,setattr()
https://docs.python.org/3/library/functions.html#open,"delattr(x,'foobar')"
https://docs.python.org/3/library/functions.html#open,delx.foobar
https://docs.python.org/3/library/functions.html#open,setattr()
https://docs.python.org/3/library/functions.html#open,dict
https://docs.python.org/3/library/functions.html#open,dict
https://docs.python.org/3/library/functions.html#open,list
https://docs.python.org/3/library/functions.html#open,set
https://docs.python.org/3/library/functions.html#open,tuple
https://docs.python.org/3/library/functions.html#open,collections
https://docs.python.org/3/library/functions.html#open,__dir__()
https://docs.python.org/3/library/functions.html#open,__getattr__()
https://docs.python.org/3/library/functions.html#open,__getattribute__()
https://docs.python.org/3/library/functions.html#open,dir()
https://docs.python.org/3/library/functions.html#open,__dir__()
https://docs.python.org/3/library/functions.html#open,__dict__
https://docs.python.org/3/library/functions.html#open,__getattr__()
https://docs.python.org/3/library/functions.html#open,dir()
https://docs.python.org/3/library/functions.html#open,dir()
https://docs.python.org/3/library/functions.html#open,"(a//b,a%b)"
https://docs.python.org/3/library/functions.html#open,"(q,a%b)"
https://docs.python.org/3/library/functions.html#open,math.floor(a/b)
https://docs.python.org/3/library/functions.html#open,q*b+a%b
https://docs.python.org/3/library/functions.html#open,a%b
https://docs.python.org/3/library/functions.html#open,0<=abs(a%b)<abs(b)
https://docs.python.org/3/library/functions.html#open,__next__()
https://docs.python.org/3/library/functions.html#open,enumerate()
https://docs.python.org/3/library/functions.html#open,__builtins__
https://docs.python.org/3/library/functions.html#open,builtins
https://docs.python.org/3/library/functions.html#open,__builtins__
https://docs.python.org/3/library/functions.html#open,eval()
https://docs.python.org/3/library/functions.html#open,eval()
https://docs.python.org/3/library/functions.html#open,compile()
https://docs.python.org/3/library/functions.html#open,'exec'
https://docs.python.org/3/library/functions.html#open,eval()
https://docs.python.org/3/library/functions.html#open,None
https://docs.python.org/3/library/functions.html#open,exec()
https://docs.python.org/3/library/functions.html#open,globals()
https://docs.python.org/3/library/functions.html#open,locals()
https://docs.python.org/3/library/functions.html#open,eval()
https://docs.python.org/3/library/functions.html#open,exec()
https://docs.python.org/3/library/functions.html#open,ast.literal_eval()
https://docs.python.org/3/library/functions.html#open,exec
https://docs.python.org/3/library/functions.html#open,nonlocal
https://docs.python.org/3/library/functions.html#open,yield
https://docs.python.org/3/library/functions.html#open,return
https://docs.python.org/3/library/functions.html#open,exec()
https://docs.python.org/3/library/functions.html#open,None
https://docs.python.org/3/library/functions.html#open,__builtins__
https://docs.python.org/3/library/functions.html#open,builtins
https://docs.python.org/3/library/functions.html#open,__builtins__
https://docs.python.org/3/library/functions.html#open,exec()
https://docs.python.org/3/library/functions.html#open,exec
https://docs.python.org/3/library/functions.html#open,globals()
https://docs.python.org/3/library/functions.html#open,locals()
https://docs.python.org/3/library/functions.html#open,exec()
https://docs.python.org/3/library/functions.html#open,locals()
https://docs.python.org/3/library/functions.html#open,exec()
https://docs.python.org/3/library/functions.html#open,None
https://docs.python.org/3/library/functions.html#open,"filter(function,iterable)"
https://docs.python.org/3/library/functions.html#open,(itemforiteminiterableiffunction(item))
https://docs.python.org/3/library/functions.html#open,None
https://docs.python.org/3/library/functions.html#open,(itemforiteminiterableifitem)
https://docs.python.org/3/library/functions.html#open,None
https://docs.python.org/3/library/functions.html#open,itertools.filterfalse()
https://docs.python.org/3/library/functions.html#open,'+'
https://docs.python.org/3/library/functions.html#open,'-'
https://docs.python.org/3/library/functions.html#open,'+'
https://docs.python.org/3/library/functions.html#open,floatvalue
https://docs.python.org/3/library/functions.html#open,digit
https://docs.python.org/3/library/functions.html#open,digit
https://docs.python.org/3/library/functions.html#open,digitpart
https://docs.python.org/3/library/functions.html#open,digitpart
https://docs.python.org/3/library/functions.html#open,digitpart
https://docs.python.org/3/library/functions.html#open,digitpart
https://docs.python.org/3/library/functions.html#open,exponent
https://docs.python.org/3/library/functions.html#open,sign
https://docs.python.org/3/library/functions.html#open,floatnumber
https://docs.python.org/3/library/functions.html#open,infinity
https://docs.python.org/3/library/functions.html#open,nan
https://docs.python.org/3/library/functions.html#open,OverflowError
https://docs.python.org/3/library/functions.html#open,x
https://docs.python.org/3/library/functions.html#open,float(x)
https://docs.python.org/3/library/functions.html#open,x.__float__()
https://docs.python.org/3/library/functions.html#open,__float__()
https://docs.python.org/3/library/functions.html#open,__index__()
https://docs.python.org/3/library/functions.html#open,0.0
https://docs.python.org/3/library/functions.html#open,__index__()
https://docs.python.org/3/library/functions.html#open,__float__()
https://docs.python.org/3/library/functions.html#open,str(value)
https://docs.python.org/3/library/functions.html#open,"format(value,format_spec)"
https://docs.python.org/3/library/functions.html#open,"type(value).__format__(value,format_spec)"
https://docs.python.org/3/library/functions.html#open,__format__()
https://docs.python.org/3/library/functions.html#open,TypeError
https://docs.python.org/3/library/functions.html#open,object
https://docs.python.org/3/library/functions.html#open,object().__format__(format_spec)
https://docs.python.org/3/library/functions.html#open,TypeError
https://docs.python.org/3/library/functions.html#open,frozenset
https://docs.python.org/3/library/functions.html#open,frozenset
https://docs.python.org/3/library/functions.html#open,frozenset
https://docs.python.org/3/library/functions.html#open,set
https://docs.python.org/3/library/functions.html#open,list
https://docs.python.org/3/library/functions.html#open,tuple
https://docs.python.org/3/library/functions.html#open,dict
https://docs.python.org/3/library/functions.html#open,collections
https://docs.python.org/3/library/functions.html#open,"getattr(x,'foobar')"
https://docs.python.org/3/library/functions.html#open,x.foobar
https://docs.python.org/3/library/functions.html#open,AttributeError
https://docs.python.org/3/library/functions.html#open,setattr()
https://docs.python.org/3/library/functions.html#open,getattr()
https://docs.python.org/3/library/functions.html#open,True
https://docs.python.org/3/library/functions.html#open,False
https://docs.python.org/3/library/functions.html#open,"getattr(object,name)"
https://docs.python.org/3/library/functions.html#open,AttributeError
https://docs.python.org/3/library/functions.html#open,__hash__()
https://docs.python.org/3/library/functions.html#open,hash()
https://docs.python.org/3/library/functions.html#open,help()
https://docs.python.org/3/library/functions.html#open,site
https://docs.python.org/3/library/functions.html#open,pydoc
https://docs.python.org/3/library/functions.html#open,inspect
https://docs.python.org/3/library/functions.html#open,int
https://docs.python.org/3/library/functions.html#open,__index__()
https://docs.python.org/3/library/functions.html#open,format()
https://docs.python.org/3/library/functions.html#open,int()
https://docs.python.org/3/library/functions.html#open,float.hex()
https://docs.python.org/3/library/functions.html#open,id()
https://docs.python.org/3/library/functions.html#open,builtins.id
https://docs.python.org/3/library/functions.html#open,id
https://docs.python.org/3/library/functions.html#open,EOFError
https://docs.python.org/3/library/functions.html#open,readline
https://docs.python.org/3/library/functions.html#open,input()
https://docs.python.org/3/library/functions.html#open,builtins.input
https://docs.python.org/3/library/functions.html#open,prompt
https://docs.python.org/3/library/functions.html#open,builtins.input/result
https://docs.python.org/3/library/functions.html#open,0
https://docs.python.org/3/library/functions.html#open,__int__()
https://docs.python.org/3/library/functions.html#open,int(x)
https://docs.python.org/3/library/functions.html#open,x.__int__()
https://docs.python.org/3/library/functions.html#open,__index__()
https://docs.python.org/3/library/functions.html#open,x.__index__()
https://docs.python.org/3/library/functions.html#open,__trunc__()
https://docs.python.org/3/library/functions.html#open,x.__trunc__()
https://docs.python.org/3/library/functions.html#open,bytes
https://docs.python.org/3/library/functions.html#open,bytearray
https://docs.python.org/3/library/functions.html#open,+
https://docs.python.org/3/library/functions.html#open,-
https://docs.python.org/3/library/functions.html#open,a
https://docs.python.org/3/library/functions.html#open,z
https://docs.python.org/3/library/functions.html#open,A
https://docs.python.org/3/library/functions.html#open,Z
https://docs.python.org/3/library/functions.html#open,0b
https://docs.python.org/3/library/functions.html#open,0B
https://docs.python.org/3/library/functions.html#open,0o
https://docs.python.org/3/library/functions.html#open,0O
https://docs.python.org/3/library/functions.html#open,0x
https://docs.python.org/3/library/functions.html#open,0X
https://docs.python.org/3/library/functions.html#open,"int('010',0)"
https://docs.python.org/3/library/functions.html#open,int('010')
https://docs.python.org/3/library/functions.html#open,"int('010',8)"
https://docs.python.org/3/library/functions.html#open,int
https://docs.python.org/3/library/functions.html#open,base.__index__
https://docs.python.org/3/library/functions.html#open,base.__int__
https://docs.python.org/3/library/functions.html#open,base.__index__
https://docs.python.org/3/library/functions.html#open,__index__()
https://docs.python.org/3/library/functions.html#open,__int__()
https://docs.python.org/3/library/functions.html#open,__trunc__()
https://docs.python.org/3/library/functions.html#open,int
https://docs.python.org/3/library/functions.html#open,ValueError
https://docs.python.org/3/library/functions.html#open,int
https://docs.python.org/3/library/functions.html#open,int
https://docs.python.org/3/library/functions.html#open,True
https://docs.python.org/3/library/functions.html#open,False
https://docs.python.org/3/library/functions.html#open,True
https://docs.python.org/3/library/functions.html#open,TypeError
https://docs.python.org/3/library/functions.html#open,TypeError
https://docs.python.org/3/library/functions.html#open,True
https://docs.python.org/3/library/functions.html#open,True
https://docs.python.org/3/library/functions.html#open,TypeError
https://docs.python.org/3/library/functions.html#open,__iter__()
https://docs.python.org/3/library/functions.html#open,__getitem__()
https://docs.python.org/3/library/functions.html#open,0
https://docs.python.org/3/library/functions.html#open,TypeError
https://docs.python.org/3/library/functions.html#open,__next__()
https://docs.python.org/3/library/functions.html#open,StopIteration
https://docs.python.org/3/library/functions.html#open,iter()
https://docs.python.org/3/library/functions.html#open,len
https://docs.python.org/3/library/functions.html#open,OverflowError
https://docs.python.org/3/library/functions.html#open,sys.maxsize
https://docs.python.org/3/library/functions.html#open,range(2**100)
https://docs.python.org/3/library/functions.html#open,list
https://docs.python.org/3/library/functions.html#open,locals()
https://docs.python.org/3/library/functions.html#open,locals()
https://docs.python.org/3/library/functions.html#open,globals()
https://docs.python.org/3/library/functions.html#open,itertools.starmap()
https://docs.python.org/3/library/functions.html#open,list.sort()
https://docs.python.org/3/library/functions.html#open,ValueError
https://docs.python.org/3/library/functions.html#open,"sorted(iterable,key=keyfunc,reverse=True)[0]"
https://docs.python.org/3/library/functions.html#open,"heapq.nlargest(1,iterable,key=keyfunc)"
https://docs.python.org/3/library/functions.html#open,None
https://docs.python.org/3/library/functions.html#open,list.sort()
https://docs.python.org/3/library/functions.html#open,ValueError
https://docs.python.org/3/library/functions.html#open,"sorted(iterable,key=keyfunc)[0]"
https://docs.python.org/3/library/functions.html#open,"heapq.nsmallest(1,iterable,key=keyfunc)"
https://docs.python.org/3/library/functions.html#open,None
https://docs.python.org/3/library/functions.html#open,__next__()
https://docs.python.org/3/library/functions.html#open,StopIteration
https://docs.python.org/3/library/functions.html#open,object
https://docs.python.org/3/library/functions.html#open,object
https://docs.python.org/3/library/functions.html#open,__dict__
https://docs.python.org/3/library/functions.html#open,object
https://docs.python.org/3/library/functions.html#open,int
https://docs.python.org/3/library/functions.html#open,__index__()
https://docs.python.org/3/library/functions.html#open,format()
https://docs.python.org/3/library/functions.html#open,OSError
https://docs.python.org/3/library/functions.html#open,False
https://docs.python.org/3/library/functions.html#open,'r'
https://docs.python.org/3/library/functions.html#open,'w'
https://docs.python.org/3/library/functions.html#open,'x'
https://docs.python.org/3/library/functions.html#open,'a'
https://docs.python.org/3/library/functions.html#open,locale.getencoding()
https://docs.python.org/3/library/functions.html#open,'r'
https://docs.python.org/3/library/functions.html#open,'w'
https://docs.python.org/3/library/functions.html#open,'x'
https://docs.python.org/3/library/functions.html#open,'a'
https://docs.python.org/3/library/functions.html#open,'b'
https://docs.python.org/3/library/functions.html#open,'t'
https://docs.python.org/3/library/functions.html#open,'+'
https://docs.python.org/3/library/functions.html#open,'r'
https://docs.python.org/3/library/functions.html#open,'rt'
https://docs.python.org/3/library/functions.html#open,'w+'
https://docs.python.org/3/library/functions.html#open,'w+b'
https://docs.python.org/3/library/functions.html#open,'r+'
https://docs.python.org/3/library/functions.html#open,'r+b'
https://docs.python.org/3/library/functions.html#open,'b'
https://docs.python.org/3/library/functions.html#open,bytes
https://docs.python.org/3/library/functions.html#open,'t'
https://docs.python.org/3/library/functions.html#open,str
https://docs.python.org/3/library/functions.html#open,TextIOWrapper
https://docs.python.org/3/library/functions.html#open,mode='r+'
https://docs.python.org/3/library/functions.html#open,TextIOWrapper
https://docs.python.org/3/library/functions.html#open,write_through
https://docs.python.org/3/library/functions.html#open,io.TextIOWrapper.reconfigure()
https://docs.python.org/3/library/functions.html#open,io.DEFAULT_BUFFER_SIZE
https://docs.python.org/3/library/functions.html#open,isatty()
https://docs.python.org/3/library/functions.html#open,True
https://docs.python.org/3/library/functions.html#open,locale.getencoding()
https://docs.python.org/3/library/functions.html#open,codecs
https://docs.python.org/3/library/functions.html#open,codecs.register_error()
https://docs.python.org/3/library/functions.html#open,'strict'
https://docs.python.org/3/library/functions.html#open,ValueError
https://docs.python.org/3/library/functions.html#open,None
https://docs.python.org/3/library/functions.html#open,'ignore'
https://docs.python.org/3/library/functions.html#open,'replace'
https://docs.python.org/3/library/functions.html#open,'?'
https://docs.python.org/3/library/functions.html#open,'surrogateescape'
https://docs.python.org/3/library/functions.html#open,surrogateescape
https://docs.python.org/3/library/functions.html#open,'xmlcharrefreplace'
https://docs.python.org/3/library/functions.html#open,&#nnn;
https://docs.python.org/3/library/functions.html#open,'backslashreplace'
https://docs.python.org/3/library/functions.html#open,'namereplace'
https://docs.python.org/3/library/functions.html#open,\N{...}
https://docs.python.org/3/library/functions.html#open,None
https://docs.python.org/3/library/functions.html#open,''
https://docs.python.org/3/library/functions.html#open,'\n'
https://docs.python.org/3/library/functions.html#open,'\r'
https://docs.python.org/3/library/functions.html#open,'\r\n'
https://docs.python.org/3/library/functions.html#open,None
https://docs.python.org/3/library/functions.html#open,'\n'
https://docs.python.org/3/library/functions.html#open,'\r'
https://docs.python.org/3/library/functions.html#open,'\r\n'
https://docs.python.org/3/library/functions.html#open,'\n'
https://docs.python.org/3/library/functions.html#open,''
https://docs.python.org/3/library/functions.html#open,None
https://docs.python.org/3/library/functions.html#open,'\n'
https://docs.python.org/3/library/functions.html#open,os.linesep
https://docs.python.org/3/library/functions.html#open,''
https://docs.python.org/3/library/functions.html#open,'\n'
https://docs.python.org/3/library/functions.html#open,'\n'
https://docs.python.org/3/library/functions.html#open,False
https://docs.python.org/3/library/functions.html#open,True
https://docs.python.org/3/library/functions.html#open,os.open
https://docs.python.org/3/library/functions.html#open,None
https://docs.python.org/3/library/functions.html#open,os.open()
https://docs.python.org/3/library/functions.html#open,open()
https://docs.python.org/3/library/functions.html#open,open()
https://docs.python.org/3/library/functions.html#open,'w'
https://docs.python.org/3/library/functions.html#open,'r'
https://docs.python.org/3/library/functions.html#open,'wt'
https://docs.python.org/3/library/functions.html#open,'rt'
https://docs.python.org/3/library/functions.html#open,io.TextIOBase
https://docs.python.org/3/library/functions.html#open,io.TextIOWrapper
https://docs.python.org/3/library/functions.html#open,io.BufferedIOBase
https://docs.python.org/3/library/functions.html#open,io.BufferedReader
https://docs.python.org/3/library/functions.html#open,io.BufferedWriter
https://docs.python.org/3/library/functions.html#open,io.BufferedRandom
https://docs.python.org/3/library/functions.html#open,io.RawIOBase
https://docs.python.org/3/library/functions.html#open,io.FileIO
https://docs.python.org/3/library/functions.html#open,fileinput
https://docs.python.org/3/library/functions.html#open,io
https://docs.python.org/3/library/functions.html#open,open()
https://docs.python.org/3/library/functions.html#open,os
https://docs.python.org/3/library/functions.html#open,os.path
https://docs.python.org/3/library/functions.html#open,tempfile
https://docs.python.org/3/library/functions.html#open,shutil
https://docs.python.org/3/library/functions.html#open,open
https://docs.python.org/3/library/functions.html#open,file
https://docs.python.org/3/library/functions.html#open,mode
https://docs.python.org/3/library/functions.html#open,flags
https://docs.python.org/3/library/functions.html#open,mode
https://docs.python.org/3/library/functions.html#open,flags
https://docs.python.org/3/library/functions.html#open,'x'
https://docs.python.org/3/library/functions.html#open,IOError
https://docs.python.org/3/library/functions.html#open,OSError
https://docs.python.org/3/library/functions.html#open,FileExistsError
https://docs.python.org/3/library/functions.html#open,'x'
https://docs.python.org/3/library/functions.html#open,InterruptedError
https://docs.python.org/3/library/functions.html#open,'namereplace'
https://docs.python.org/3/library/functions.html#open,os.PathLike
https://docs.python.org/3/library/functions.html#open,io.RawIOBase
https://docs.python.org/3/library/functions.html#open,io.FileIO
https://docs.python.org/3/library/functions.html#open,'U'
https://docs.python.org/3/library/functions.html#open,ord('a')
https://docs.python.org/3/library/functions.html#open,97
https://docs.python.org/3/library/functions.html#open,ord('€')
https://docs.python.org/3/library/functions.html#open,8364
https://docs.python.org/3/library/functions.html#open,chr()
https://docs.python.org/3/library/functions.html#open,"pow(base,exp)%mod"
https://docs.python.org/3/library/functions.html#open,"pow(base,exp)"
https://docs.python.org/3/library/functions.html#open,base**exp
https://docs.python.org/3/library/functions.html#open,int
https://docs.python.org/3/library/functions.html#open,"pow(10,2)"
https://docs.python.org/3/library/functions.html#open,100
https://docs.python.org/3/library/functions.html#open,"pow(10,-2)"
https://docs.python.org/3/library/functions.html#open,0.01
https://docs.python.org/3/library/functions.html#open,int
https://docs.python.org/3/library/functions.html#open,float
https://docs.python.org/3/library/functions.html#open,"pow(-9,0.5)"
https://docs.python.org/3/library/functions.html#open,3j
https://docs.python.org/3/library/functions.html#open,int
https://docs.python.org/3/library/functions.html#open,"pow(inv_base,-exp,mod)"
https://docs.python.org/3/library/functions.html#open,38
https://docs.python.org/3/library/functions.html#open,97
https://docs.python.org/3/library/functions.html#open,int
https://docs.python.org/3/library/functions.html#open,pow
https://docs.python.org/3/library/functions.html#open,str()
https://docs.python.org/3/library/functions.html#open,None
https://docs.python.org/3/library/functions.html#open,print()
https://docs.python.org/3/library/functions.html#open,write(string)
https://docs.python.org/3/library/functions.html#open,None
https://docs.python.org/3/library/functions.html#open,sys.stdout
https://docs.python.org/3/library/functions.html#open,print()
https://docs.python.org/3/library/functions.html#open,file.write(...)
https://docs.python.org/3/library/functions.html#open,x
https://docs.python.org/3/library/functions.html#open,c.x
https://docs.python.org/3/library/functions.html#open,c.x=value
https://docs.python.org/3/library/functions.html#open,delc.x
https://docs.python.org/3/library/functions.html#open,property()
https://docs.python.org/3/library/functions.html#open,@property
https://docs.python.org/3/library/functions.html#open,voltage()
https://docs.python.org/3/library/functions.html#open,getter
https://docs.python.org/3/library/functions.html#open,setter
https://docs.python.org/3/library/functions.html#open,deleter
https://docs.python.org/3/library/functions.html#open,x
https://docs.python.org/3/library/functions.html#open,fget
https://docs.python.org/3/library/functions.html#open,fset
https://docs.python.org/3/library/functions.html#open,fdel
https://docs.python.org/3/library/functions.html#open,range
https://docs.python.org/3/library/functions.html#open,eval()
https://docs.python.org/3/library/functions.html#open,__repr__()
https://docs.python.org/3/library/functions.html#open,sys.displayhook()
https://docs.python.org/3/library/functions.html#open,RuntimeError
https://docs.python.org/3/library/functions.html#open,__reversed__()
https://docs.python.org/3/library/functions.html#open,__len__()
https://docs.python.org/3/library/functions.html#open,__getitem__()
https://docs.python.org/3/library/functions.html#open,0
https://docs.python.org/3/library/functions.html#open,None
https://docs.python.org/3/library/functions.html#open,round()
https://docs.python.org/3/library/functions.html#open,round(0.5)
https://docs.python.org/3/library/functions.html#open,round(-0.5)
https://docs.python.org/3/library/functions.html#open,0
https://docs.python.org/3/library/functions.html#open,round(1.5)
https://docs.python.org/3/library/functions.html#open,2
https://docs.python.org/3/library/functions.html#open,None
https://docs.python.org/3/library/functions.html#open,number
https://docs.python.org/3/library/functions.html#open,round
https://docs.python.org/3/library/functions.html#open,number.__round__
https://docs.python.org/3/library/functions.html#open,round()
https://docs.python.org/3/library/functions.html#open,"round(2.675,2)"
https://docs.python.org/3/library/functions.html#open,2.67
https://docs.python.org/3/library/functions.html#open,2.68
https://docs.python.org/3/library/functions.html#open,set
https://docs.python.org/3/library/functions.html#open,set
https://docs.python.org/3/library/functions.html#open,set
https://docs.python.org/3/library/functions.html#open,frozenset
https://docs.python.org/3/library/functions.html#open,list
https://docs.python.org/3/library/functions.html#open,tuple
https://docs.python.org/3/library/functions.html#open,dict
https://docs.python.org/3/library/functions.html#open,collections
https://docs.python.org/3/library/functions.html#open,getattr()
https://docs.python.org/3/library/functions.html#open,"setattr(x,'foobar',123)"
https://docs.python.org/3/library/functions.html#open,x.foobar=123
https://docs.python.org/3/library/functions.html#open,__getattribute__()
https://docs.python.org/3/library/functions.html#open,__slots__
https://docs.python.org/3/library/functions.html#open,getattr()
https://docs.python.org/3/library/functions.html#open,setattr()
https://docs.python.org/3/library/functions.html#open,"range(start,stop,step)"
https://docs.python.org/3/library/functions.html#open,None
https://docs.python.org/3/library/functions.html#open,start
https://docs.python.org/3/library/functions.html#open,stop
https://docs.python.org/3/library/functions.html#open,step
https://docs.python.org/3/library/functions.html#open,a[start:stop:step]
https://docs.python.org/3/library/functions.html#open,"a[start:stop,i]"
https://docs.python.org/3/library/functions.html#open,itertools.islice()
https://docs.python.org/3/library/functions.html#open,start
https://docs.python.org/3/library/functions.html#open,stop
https://docs.python.org/3/library/functions.html#open,step
https://docs.python.org/3/library/functions.html#open,key=str.lower
https://docs.python.org/3/library/functions.html#open,None
https://docs.python.org/3/library/functions.html#open,True
https://docs.python.org/3/library/functions.html#open,functools.cmp_to_key()
https://docs.python.org/3/library/functions.html#open,sorted()
https://docs.python.org/3/library/functions.html#open,<
https://docs.python.org/3/library/functions.html#open,__lt__()
https://docs.python.org/3/library/functions.html#open,max()
https://docs.python.org/3/library/functions.html#open,__gt__()
https://docs.python.org/3/library/functions.html#open,@staticmethod
https://docs.python.org/3/library/functions.html#open,C.f()
https://docs.python.org/3/library/functions.html#open,C().f()
https://docs.python.org/3/library/functions.html#open,f()
https://docs.python.org/3/library/functions.html#open,classmethod()
https://docs.python.org/3/library/functions.html#open,staticmethod
https://docs.python.org/3/library/functions.html#open,__module__
https://docs.python.org/3/library/functions.html#open,__name__
https://docs.python.org/3/library/functions.html#open,__qualname__
https://docs.python.org/3/library/functions.html#open,__doc__
https://docs.python.org/3/library/functions.html#open,__annotations__
https://docs.python.org/3/library/functions.html#open,__wrapped__
https://docs.python.org/3/library/functions.html#open,str
https://docs.python.org/3/library/functions.html#open,str()
https://docs.python.org/3/library/functions.html#open,str
https://docs.python.org/3/library/functions.html#open,sum()
https://docs.python.org/3/library/functions.html#open,''.join(sequence)
https://docs.python.org/3/library/functions.html#open,math.fsum()
https://docs.python.org/3/library/functions.html#open,itertools.chain()
https://docs.python.org/3/library/functions.html#open,__mro__
https://docs.python.org/3/library/functions.html#open,D->B->C->A->object
https://docs.python.org/3/library/functions.html#open,B
https://docs.python.org/3/library/functions.html#open,super()
https://docs.python.org/3/library/functions.html#open,C->A->object
https://docs.python.org/3/library/functions.html#open,__mro__
https://docs.python.org/3/library/functions.html#open,getattr()
https://docs.python.org/3/library/functions.html#open,super()
https://docs.python.org/3/library/functions.html#open,"isinstance(obj,type)"
https://docs.python.org/3/library/functions.html#open,"issubclass(type2,type)"
https://docs.python.org/3/library/functions.html#open,super()
https://docs.python.org/3/library/functions.html#open,super()
https://docs.python.org/3/library/functions.html#open,super().__getitem__(name)
https://docs.python.org/3/library/functions.html#open,__getattribute__()
https://docs.python.org/3/library/functions.html#open,super()
https://docs.python.org/3/library/functions.html#open,super()[name]
https://docs.python.org/3/library/functions.html#open,super()
https://docs.python.org/3/library/functions.html#open,super()
https://docs.python.org/3/library/functions.html#open,tuple
https://docs.python.org/3/library/functions.html#open,object.__class__
https://docs.python.org/3/library/functions.html#open,isinstance()
https://docs.python.org/3/library/functions.html#open,class
https://docs.python.org/3/library/functions.html#open,__name__
https://docs.python.org/3/library/functions.html#open,__bases__
https://docs.python.org/3/library/functions.html#open,object
https://docs.python.org/3/library/functions.html#open,__dict__
https://docs.python.org/3/library/functions.html#open,type
https://docs.python.org/3/library/functions.html#open,__init_subclass__()
https://docs.python.org/3/library/functions.html#open,type
https://docs.python.org/3/library/functions.html#open,type.__new__
https://docs.python.org/3/library/functions.html#open,__dict__
https://docs.python.org/3/library/functions.html#open,__dict__
https://docs.python.org/3/library/functions.html#open,__dict__
https://docs.python.org/3/library/functions.html#open,__dict__
https://docs.python.org/3/library/functions.html#open,types.MappingProxyType
https://docs.python.org/3/library/functions.html#open,vars()
https://docs.python.org/3/library/functions.html#open,locals()
https://docs.python.org/3/library/functions.html#open,TypeError
https://docs.python.org/3/library/functions.html#open,__dict__
https://docs.python.org/3/library/functions.html#open,__slots__
https://docs.python.org/3/library/functions.html#open,zip()
https://docs.python.org/3/library/functions.html#open,zip()
https://docs.python.org/3/library/functions.html#open,zip()
https://docs.python.org/3/library/functions.html#open,for
https://docs.python.org/3/library/functions.html#open,list
https://docs.python.org/3/library/functions.html#open,zip()
https://docs.python.org/3/library/functions.html#open,zip()
https://docs.python.org/3/library/functions.html#open,zip()
https://docs.python.org/3/library/functions.html#open,strict=True
https://docs.python.org/3/library/functions.html#open,zip()
https://docs.python.org/3/library/functions.html#open,ValueError
https://docs.python.org/3/library/functions.html#open,strict=True
https://docs.python.org/3/library/functions.html#open,itertools.zip_longest()
https://docs.python.org/3/library/functions.html#open,zip()
https://docs.python.org/3/library/functions.html#open,"zip(*[iter(s)]*n,strict=True)"
https://docs.python.org/3/library/functions.html#open,n
https://docs.python.org/3/library/functions.html#open,n
https://docs.python.org/3/library/functions.html#open,zip()
https://docs.python.org/3/library/functions.html#open,*
https://docs.python.org/3/library/functions.html#open,strict
https://docs.python.org/3/library/functions.html#open,importlib.import_module()
https://docs.python.org/3/library/functions.html#open,import
https://docs.python.org/3/library/functions.html#open,builtins
https://docs.python.org/3/library/functions.html#open,builtins.__import__
https://docs.python.org/3/library/functions.html#open,import
https://docs.python.org/3/library/functions.html#open,__import__()
https://docs.python.org/3/library/functions.html#open,importlib.import_module()
https://docs.python.org/3/library/functions.html#open,import
https://docs.python.org/3/library/functions.html#open,0
https://docs.python.org/3/library/functions.html#open,__import__()
https://docs.python.org/3/library/functions.html#open,package.module
https://docs.python.org/3/library/functions.html#open,importspam
https://docs.python.org/3/library/functions.html#open,importspam.ham
https://docs.python.org/3/library/functions.html#open,__import__()
https://docs.python.org/3/library/functions.html#open,import
https://docs.python.org/3/library/functions.html#open,"fromspam.hamimporteggs,sausageassaus"
https://docs.python.org/3/library/functions.html#open,spam.ham
https://docs.python.org/3/library/functions.html#open,__import__()
https://docs.python.org/3/library/functions.html#open,importlib.import_module()
https://docs.python.org/3/library/functions.html#open,-E
https://docs.python.org/3/library/functions.html#open,-I
https://docs.python.org/3/library/functions.html#open,PYTHONCASEOK
https://developer.mozilla.org/en-US/docs/Web/JavaScript/Reference/Global_Objects/Array/includes,Array
https://developer.mozilla.org/en-US/docs/Web/JavaScript/Reference/Global_Objects/Array/includes,Array() constructor
https://developer.mozilla.org/en-US/docs/Web/JavaScript/Reference/Global_Objects/Array/includes,Array[@@species]
https://developer.mozilla.org/en-US/docs/Web/JavaScript/Reference/Global_Objects/Array/includes,Array.prototype[@@unscopables]
https://developer.mozilla.org/en-US/docs/Web/JavaScript/Reference/Global_Objects/Array/includes,Array: length
https://developer.mozilla.org/en-US/docs/Web/JavaScript/Reference/Global_Objects/Array/includes,Array.prototype[@@iterator]()
https://developer.mozilla.org/en-US/docs/Web/JavaScript/Reference/Global_Objects/Array/includes,Array.prototype.at()
https://developer.mozilla.org/en-US/docs/Web/JavaScript/Reference/Global_Objects/Array/includes,Array.prototype.concat()
https://developer.mozilla.org/en-US/docs/Web/JavaScript/Reference/Global_Objects/Array/includes,Array.prototype.copyWithin()
https://developer.mozilla.org/en-US/docs/Web/JavaScript/Reference/Global_Objects/Array/includes,Array.prototype.entries()
https://developer.mozilla.org/en-US/docs/Web/JavaScript/Reference/Global_Objects/Array/includes,Array.prototype.every()
https://developer.mozilla.org/en-US/docs/Web/JavaScript/Reference/Global_Objects/Array/includes,Array.prototype.fill()
https://developer.mozilla.org/en-US/docs/Web/JavaScript/Reference/Global_Objects/Array/includes,Array.prototype.filter()
https://developer.mozilla.org/en-US/docs/Web/JavaScript/Reference/Global_Objects/Array/includes,Array.prototype.find()
https://developer.mozilla.org/en-US/docs/Web/JavaScript/Reference/Global_Objects/Array/includes,Array.prototype.findIndex()
https://developer.mozilla.org/en-US/docs/Web/JavaScript/Reference/Global_Objects/Array/includes,Array.prototype.findLast()
https://developer.mozilla.org/en-US/docs/Web/JavaScript/Reference/Global_Objects/Array/includes,Array.prototype.findLastIndex()
https://developer.mozilla.org/en-US/docs/Web/JavaScript/Reference/Global_Objects/Array/includes,Array.prototype.flat()
https://developer.mozilla.org/en-US/docs/Web/JavaScript/Reference/Global_Objects/Array/includes,Array.prototype.flatMap()
https://developer.mozilla.org/en-US/docs/Web/JavaScript/Reference/Global_Objects/Array/includes,Array.prototype.forEach()
https://developer.mozilla.org/en-US/docs/Web/JavaScript/Reference/Global_Objects/Array/includes,Array.from()
https://developer.mozilla.org/en-US/docs/Web/JavaScript/Reference/Global_Objects/Array/includes,Array.fromAsync()
https://developer.mozilla.org/en-US/docs/Web/JavaScript/Reference/Global_Objects/Array/includes,Array.prototype.includes()
https://developer.mozilla.org/en-US/docs/Web/JavaScript/Reference/Global_Objects/Array/includes,Array.prototype.indexOf()
https://developer.mozilla.org/en-US/docs/Web/JavaScript/Reference/Global_Objects/Array/includes,Array.isArray()
https://developer.mozilla.org/en-US/docs/Web/JavaScript/Reference/Global_Objects/Array/includes,Array.prototype.join()
https://developer.mozilla.org/en-US/docs/Web/JavaScript/Reference/Global_Objects/Array/includes,Array.prototype.keys()
https://developer.mozilla.org/en-US/docs/Web/JavaScript/Reference/Global_Objects/Array/includes,Array.prototype.lastIndexOf()
https://developer.mozilla.org/en-US/docs/Web/JavaScript/Reference/Global_Objects/Array/includes,Array.prototype.map()
https://developer.mozilla.org/en-US/docs/Web/JavaScript/Reference/Global_Objects/Array/includes,Array.of()
https://developer.mozilla.org/en-US/docs/Web/JavaScript/Reference/Global_Objects/Array/includes,Array.prototype.pop()
https://developer.mozilla.org/en-US/docs/Web/JavaScript/Reference/Global_Objects/Array/includes,Array.prototype.push()
https://developer.mozilla.org/en-US/docs/Web/JavaScript/Reference/Global_Objects/Array/includes,Array.prototype.reduce()
https://developer.mozilla.org/en-US/docs/Web/JavaScript/Reference/Global_Objects/Array/includes,Array.prototype.reduceRight()
https://developer.mozilla.org/en-US/docs/Web/JavaScript/Reference/Global_Objects/Array/includes,Array.prototype.reverse()
https://developer.mozilla.org/en-US/docs/Web/JavaScript/Reference/Global_Objects/Array/includes,Array.prototype.shift()
https://developer.mozilla.org/en-US/docs/Web/JavaScript/Reference/Global_Objects/Array/includes,Array.prototype.slice()
https://developer.mozilla.org/en-US/docs/Web/JavaScript/Reference/Global_Objects/Array/includes,Array.prototype.some()
https://developer.mozilla.org/en-US/docs/Web/JavaScript/Reference/Global_Objects/Array/includes,Array.prototype.sort()
https://developer.mozilla.org/en-US/docs/Web/JavaScript/Reference/Global_Objects/Array/includes,Array.prototype.splice()
https://developer.mozilla.org/en-US/docs/Web/JavaScript/Reference/Global_Objects/Array/includes,Array.prototype.toLocaleString()
https://developer.mozilla.org/en-US/docs/Web/JavaScript/Reference/Global_Objects/Array/includes,Array.prototype.toReversed()
https://developer.mozilla.org/en-US/docs/Web/JavaScript/Reference/Global_Objects/Array/includes,Array.prototype.toSorted()
https://developer.mozilla.org/en-US/docs/Web/JavaScript/Reference/Global_Objects/Array/includes,Array.prototype.toSpliced()
https://developer.mozilla.org/en-US/docs/Web/JavaScript/Reference/Global_Objects/Array/includes,Array.prototype.toString()
https://developer.mozilla.org/en-US/docs/Web/JavaScript/Reference/Global_Objects/Array/includes,Array.prototype.unshift()
https://developer.mozilla.org/en-US/docs/Web/JavaScript/Reference/Global_Objects/Array/includes,Array.prototype.values()
https://developer.mozilla.org/en-US/docs/Web/JavaScript/Reference/Global_Objects/Array/includes,Array.prototype.with()
https://developer.mozilla.org/en-US/docs/Web/JavaScript/Reference/Global_Objects/Array/includes,Function
https://developer.mozilla.org/en-US/docs/Web/JavaScript/Reference/Global_Objects/Array/includes,Function() constructor
https://developer.mozilla.org/en-US/docs/Web/JavaScript/Reference/Global_Objects/Array/includes,Function.prototype.arguments
https://developer.mozilla.org/en-US/docs/Web/JavaScript/Reference/Global_Objects/Array/includes,Function.prototype.caller
https://developer.mozilla.org/en-US/docs/Web/JavaScript/Reference/Global_Objects/Array/includes,Function: displayName
https://developer.mozilla.org/en-US/docs/Web/JavaScript/Reference/Global_Objects/Array/includes,Function: length
https://developer.mozilla.org/en-US/docs/Web/JavaScript/Reference/Global_Objects/Array/includes,Function: name
https://developer.mozilla.org/en-US/docs/Web/JavaScript/Reference/Global_Objects/Array/includes,Function: prototype
https://developer.mozilla.org/en-US/docs/Web/JavaScript/Reference/Global_Objects/Array/includes,Function.prototype[@@hasInstance]()
https://developer.mozilla.org/en-US/docs/Web/JavaScript/Reference/Global_Objects/Array/includes,Function.prototype.apply()
https://developer.mozilla.org/en-US/docs/Web/JavaScript/Reference/Global_Objects/Array/includes,Function.prototype.bind()
https://developer.mozilla.org/en-US/docs/Web/JavaScript/Reference/Global_Objects/Array/includes,Function.prototype.call()
https://developer.mozilla.org/en-US/docs/Web/JavaScript/Reference/Global_Objects/Array/includes,Function.prototype.toString()
https://developer.mozilla.org/en-US/docs/Web/JavaScript/Reference/Global_Objects/Array/includes,Object
https://developer.mozilla.org/en-US/docs/Web/JavaScript/Reference/Global_Objects/Array/includes,Object.prototype.constructor
https://developer.mozilla.org/en-US/docs/Web/JavaScript/Reference/Global_Objects/Array/includes,Object.prototype.__proto__
https://developer.mozilla.org/en-US/docs/Web/JavaScript/Reference/Global_Objects/Array/includes,Object.prototype.__defineGetter__()
https://developer.mozilla.org/en-US/docs/Web/JavaScript/Reference/Global_Objects/Array/includes,Object.prototype.__defineSetter__()
https://developer.mozilla.org/en-US/docs/Web/JavaScript/Reference/Global_Objects/Array/includes,Object.prototype.__lookupGetter__()
https://developer.mozilla.org/en-US/docs/Web/JavaScript/Reference/Global_Objects/Array/includes,Object.prototype.__lookupSetter__()
https://developer.mozilla.org/en-US/docs/Web/JavaScript/Reference/Global_Objects/Array/includes,Object.prototype.hasOwnProperty()
https://developer.mozilla.org/en-US/docs/Web/JavaScript/Reference/Global_Objects/Array/includes,Object.prototype.isPrototypeOf()
https://developer.mozilla.org/en-US/docs/Web/JavaScript/Reference/Global_Objects/Array/includes,Object.prototype.propertyIsEnumerable()
https://developer.mozilla.org/en-US/docs/Web/JavaScript/Reference/Global_Objects/Array/includes,Object.prototype.toLocaleString()
https://developer.mozilla.org/en-US/docs/Web/JavaScript/Reference/Global_Objects/Array/includes,Object.prototype.toString()
https://developer.mozilla.org/en-US/docs/Web/JavaScript/Reference/Global_Objects/Array/includes,Object.prototype.valueOf()
https://developer.mozilla.org/en-US/docs/Web/JavaScript/Reference/Global_Objects/Array/includes,includes()
https://developer.mozilla.org/en-US/docs/Web/JavaScript/Reference/Global_Objects/Array/includes,Array
https://developer.mozilla.org/en-US/docs/Web/JavaScript/Reference/Global_Objects/Array/includes,true
https://developer.mozilla.org/en-US/docs/Web/JavaScript/Reference/Global_Objects/Array/includes,false
https://developer.mozilla.org/en-US/docs/Web/JavaScript/Reference/Global_Objects/Array/includes,"includes(searchElement)includes(searchElement,fromIndex)"
https://developer.mozilla.org/en-US/docs/Web/JavaScript/Reference/Global_Objects/Array/includes,searchElement
https://developer.mozilla.org/en-US/docs/Web/JavaScript/Reference/Global_Objects/Array/includes,fromIndex
https://developer.mozilla.org/en-US/docs/Web/JavaScript/Reference/Global_Objects/Array/includes,-array.length <= fromIndex < 0
https://developer.mozilla.org/en-US/docs/Web/JavaScript/Reference/Global_Objects/Array/includes,fromIndex + array.length
https://developer.mozilla.org/en-US/docs/Web/JavaScript/Reference/Global_Objects/Array/includes,fromIndex < -array.length
https://developer.mozilla.org/en-US/docs/Web/JavaScript/Reference/Global_Objects/Array/includes,fromIndex
https://developer.mozilla.org/en-US/docs/Web/JavaScript/Reference/Global_Objects/Array/includes,0
https://developer.mozilla.org/en-US/docs/Web/JavaScript/Reference/Global_Objects/Array/includes,fromIndex >= array.length
https://developer.mozilla.org/en-US/docs/Web/JavaScript/Reference/Global_Objects/Array/includes,false
https://developer.mozilla.org/en-US/docs/Web/JavaScript/Reference/Global_Objects/Array/includes,true
https://developer.mozilla.org/en-US/docs/Web/JavaScript/Reference/Global_Objects/Array/includes,searchElement
https://developer.mozilla.org/en-US/docs/Web/JavaScript/Reference/Global_Objects/Array/includes,fromIndex
https://developer.mozilla.org/en-US/docs/Web/JavaScript/Reference/Global_Objects/Array/includes,includes()
https://developer.mozilla.org/en-US/docs/Web/JavaScript/Reference/Global_Objects/Array/includes,searchElement
https://developer.mozilla.org/en-US/docs/Web/JavaScript/Reference/Global_Objects/Array/includes,-0
https://developer.mozilla.org/en-US/docs/Web/JavaScript/Reference/Global_Objects/Array/includes,0
https://developer.mozilla.org/en-US/docs/Web/JavaScript/Reference/Global_Objects/Array/includes,false
https://developer.mozilla.org/en-US/docs/Web/JavaScript/Reference/Global_Objects/Array/includes,0
https://developer.mozilla.org/en-US/docs/Web/JavaScript/Reference/Global_Objects/Array/includes,NaN
https://developer.mozilla.org/en-US/docs/Web/JavaScript/Reference/Global_Objects/Array/includes,includes()
https://developer.mozilla.org/en-US/docs/Web/JavaScript/Reference/Global_Objects/Array/includes,undefined
https://developer.mozilla.org/en-US/docs/Web/JavaScript/Reference/Global_Objects/Array/includes,includes()
https://developer.mozilla.org/en-US/docs/Web/JavaScript/Reference/Global_Objects/Array/includes,this
https://developer.mozilla.org/en-US/docs/Web/JavaScript/Reference/Global_Objects/Array/includes,length
https://developer.mozilla.org/en-US/docs/Web/JavaScript/Reference/Global_Objects/Array/includes,"[1,2,3].includes(2);// true[1,2,3].includes(4);// false[1,2,3].includes(3,3);// false[1,2,3].includes(3,-1);// true[1,2,NaN].includes(NaN);// true[""1"",""2"",""3""].includes(3);// false"
https://developer.mozilla.org/en-US/docs/Web/JavaScript/Reference/Global_Objects/Array/includes,fromIndex
https://developer.mozilla.org/en-US/docs/Web/JavaScript/Reference/Global_Objects/Array/includes,false
https://developer.mozilla.org/en-US/docs/Web/JavaScript/Reference/Global_Objects/Array/includes,"constarr=[""a"",""b"",""c""];arr.includes(""c"",3);// falsearr.includes(""c"",100);// false"
https://developer.mozilla.org/en-US/docs/Web/JavaScript/Reference/Global_Objects/Array/includes,fromIndex
https://developer.mozilla.org/en-US/docs/Web/JavaScript/Reference/Global_Objects/Array/includes,searchElement
https://developer.mozilla.org/en-US/docs/Web/JavaScript/Reference/Global_Objects/Array/includes,0
https://developer.mozilla.org/en-US/docs/Web/JavaScript/Reference/Global_Objects/Array/includes,"// array length is 3// fromIndex is -100// computed index is 3 + (-100) = -97constarr=[""a"",""b"",""c""];arr.includes(""a"",-100);// truearr.includes(""b"",-100);// truearr.includes(""c"",-100);// truearr.includes(""a"",-2);// false"
https://developer.mozilla.org/en-US/docs/Web/JavaScript/Reference/Global_Objects/Array/includes,undefined
https://developer.mozilla.org/en-US/docs/Web/JavaScript/Reference/Global_Objects/Array/includes,true
https://developer.mozilla.org/en-US/docs/Web/JavaScript/Reference/Global_Objects/Array/includes,"console.log([1,,3].includes(undefined));// true"
https://developer.mozilla.org/en-US/docs/Web/JavaScript/Reference/Global_Objects/Array/includes,includes()
https://developer.mozilla.org/en-US/docs/Web/JavaScript/Reference/Global_Objects/Array/includes,length
https://developer.mozilla.org/en-US/docs/Web/JavaScript/Reference/Global_Objects/Array/includes,this
https://developer.mozilla.org/en-US/docs/Web/JavaScript/Reference/Global_Objects/Array/includes,length
https://developer.mozilla.org/en-US/docs/Web/JavaScript/Reference/Global_Objects/Array/includes,"constarrayLike={length:3,0:2,1:3,2:4,3:1,// ignored by includes() since length is 3};console.log(Array.prototype.includes.call(arrayLike,2));// trueconsole.log(Array.prototype.includes.call(arrayLike,1));// false"
https://developer.mozilla.org/en-US/docs/Web/JavaScript/Reference/Global_Objects/Array/includes,Array.prototype.includes
https://developer.mozilla.org/en-US/docs/Web/JavaScript/Reference/Global_Objects/Array/includes,core-js
https://developer.mozilla.org/en-US/docs/Web/JavaScript/Reference/Global_Objects/Array/includes,Array
https://developer.mozilla.org/en-US/docs/Web/JavaScript/Reference/Global_Objects/Array/includes,Array.prototype.indexOf()
https://developer.mozilla.org/en-US/docs/Web/JavaScript/Reference/Global_Objects/Array/includes,Array.prototype.find()
https://developer.mozilla.org/en-US/docs/Web/JavaScript/Reference/Global_Objects/Array/includes,Array.prototype.findIndex()
https://developer.mozilla.org/en-US/docs/Web/JavaScript/Reference/Global_Objects/Array/includes,TypedArray.prototype.includes()
https://developer.mozilla.org/en-US/docs/Web/JavaScript/Reference/Global_Objects/Array/includes,String.prototype.includes()
